,Pano_ID
0,1
1,61
2,62
3,63
4,66
5,70
6,71
7,79
8,84
9,85
10,86
11,87
12,88
13,89
14,93
15,94
16,109
17,127
18,134
19,139
20,140
21,141
22,142
23,143
24,144
25,146
26,147
27,148
28,149
29,152
30,158
31,159
32,160
33,161
34,162
35,163
36,164
37,165
38,166
39,167
40,168
41,169
42,172
43,173
44,174
45,175
46,177
47,178
48,179
49,180
50,181
51,182
52,183
53,184
54,186
55,187
56,235
57,240
58,300
59,301
60,302
61,303
62,304
63,308
64,309
65,316
66,317
67,320
68,346
69,352
70,353
71,354
72,355
73,356
74,357
75,362
76,363
77,364
78,368
79,370
80,371
81,372
82,373
83,374
84,375
85,377
86,378
87,379
88,380
89,381
90,382
91,383
92,385
93,388
94,389
95,390
96,391
97,393
98,396
99,397
100,398
101,399
102,434
103,435
104,439
105,455
106,456
107,459
108,460
109,472
110,484
111,486
112,494
113,495
114,496
115,497
116,498
117,499
118,500
119,501
120,502
121,503
122,504
123,505
124,506
125,507
126,508
127,511
128,512
129,513
130,514
131,515
132,517
133,518
134,519
135,520
136,521
137,522
138,523
139,570
140,573
141,574
142,578
143,582
144,583
145,588
146,589
147,590
148,596
149,597
150,598
151,604
152,647
153,648
154,656
155,657
156,662
157,663
158,664
159,665
160,666
161,670
162,671
163,672
164,673
165,674
166,675
167,676
168,677
169,678
170,680
171,681
172,682
173,683
174,684
175,685
176,686
177,688
178,689
179,691
180,692
181,755
182,758
183,759
184,764
185,765
186,776
187,834
188,839
189,840
190,841
191,850
192,851
193,858
194,859
195,862
196,863
197,864
198,865
199,866
200,869
201,870
202,871
203,872
204,873
205,875
206,876
207,877
208,878
209,879
210,926
211,937
212,938
213,939
214,940
215,941
216,942
217,943
218,944
219,945
220,946
221,948
222,949
223,955
224,956
225,957
226,958
227,966
228,967
229,982
230,1001
231,1002
232,1003
233,1004
234,1007
235,1008
236,1009
237,1010
238,1011
239,1015
240,1016
241,1024
242,1025
243,1026
244,1027
245,1028
246,1029
247,1030
248,1031
249,1032
250,1033
251,1034
252,1035
253,1036
254,1037
255,1038
256,1041
257,1042
258,1043
259,1044
260,1045
261,1046
262,1047
263,1048
264,1049
265,1050
266,1051
267,1080
268,1082
269,1083
270,1085
271,1086
272,1087
273,1122
274,1127
275,1128
276,1129
277,1176
278,1181
279,1182
280,1185
281,1189
282,1190
283,1191
284,1192
285,1193
286,1194
287,1195
288,1196
289,1197
290,1198
291,1199
292,1200
293,1201
294,1202
295,1203
296,1204
297,1205
298,1206
299,1207
300,1208
301,1209
302,1210
303,1211
304,1212
305,1213
306,1214
307,1215
308,1216
309,1217
310,1263
311,1264
312,1265
313,1266
314,1267
315,1269
316,1270
317,1277
318,1278
319,1279
320,1280
321,1281
322,1282
323,1283
324,1284
325,1285
326,1286
327,1287
328,1288
329,1291
330,1295
331,1296
332,1343
333,1345
334,1346
335,1347
336,1348
337,1350
338,1351
339,1352
340,1353
341,1354
342,1356
343,1359
344,1360
345,1361
346,1362
347,1363
348,1364
349,1365
350,1366
351,1367
352,1368
353,1369
354,1370
355,1372
356,1373
357,1374
358,1867
359,1933
360,2901
361,2906
362,2910
363,2911
364,2912
365,2914
366,2920
367,2921
368,2923
369,2924
370,2925
371,2926
372,2927
373,2929
374,2932
375,2933
376,2934
377,2935
378,2936
379,2937
380,2938
381,2942
382,3027
383,3387
384,3431
385,4520
386,6912
387,6917
388,8528
389,8705
390,8709
391,8712
392,8716
393,8718
394,8723
395,9712
396,10079
397,11453
398,15298
399,15299
400,15300
401,15305
402,15306
403,15317
404,15322
405,15323
406,15324
407,15325
408,15328
409,15329
410,15331
411,15332
412,15333
413,15334
414,15335
415,15336
416,15337
417,15338
418,15339
419,15346
420,15347
421,15353
422,15360
423,15361
424,15362
425,15363
426,15364
427,15365
428,15366
429,15374
430,15375
431,15376
432,15377
433,15378
434,15379
435,15381
436,15382
437,15383
438,15384
439,15386
440,15387
441,15388
442,15389
443,15390
444,15393
445,15394
446,15395
447,15396
448,15397
449,15398
450,15399
451,15400
452,15402
453,15403
454,15404
455,15405
456,15421
457,15428
458,15429
459,15430
460,15448
461,15449
462,15450
463,15451
464,15461
465,15462
466,15464
467,15473
468,15474
469,15475
470,15476
471,15480
472,15481
473,15482
474,15483
475,15484
476,15485
477,15487
478,15488
479,15489
480,15490
481,15491
482,15492
483,15493
484,15494
485,15495
486,15496
487,15497
488,15498
489,15499
490,15500
491,15501
492,15502
493,15503
494,15504
495,15505
496,15506
497,15507
498,15508
499,15509
500,15510
501,15511
502,15512
503,15513
504,15514
505,15515
506,15516
507,15517
508,15518
509,15519
510,15520
511,15521
512,15522
513,15523
514,15524
515,15525
516,15526
517,15527
518,15553
519,15554
520,15558
521,15559
522,15560
523,15561
524,15567
525,15568
526,15582
527,15587
528,15588
529,15589
530,15592
531,15593
532,15598
533,15599
534,15606
535,15608
536,15609
537,15610
538,15611
539,15616
540,15617
541,15618
542,15619
543,15620
544,15621
545,15622
546,15623
547,15624
548,15625
549,15626
550,15627
551,15628
552,15629
553,15630
554,15631
555,15632
556,15633
557,15634
558,15636
559,15637
560,15638
561,15639
562,15640
563,15641
564,15642
565,15643
566,15662
567,15664
568,15665
569,15669
570,15670
571,15673
572,15679
573,15681
574,15682
575,15685
576,15686
577,15687
578,15689
579,15701
580,15702
581,15703
582,15704
583,15706
584,15707
585,15708
586,15709
587,15710
588,15711
589,15712
590,15713
591,15714
592,15716
593,15717
594,15751
595,15752
596,15753
597,15756
598,15757
599,15758
600,15766
601,15767
602,15771
603,15772
604,15773
605,15774
606,15775
607,15776
608,15777
609,15778
610,15779
611,15780
612,15781
613,15782
614,15783
615,15784
616,15785
617,15786
618,15787
619,15788
620,15789
621,15790
622,15791
623,15792
624,15793
625,15794
626,15811
627,15812
628,15813
629,15825
630,15826
631,15827
632,15828
633,15830
634,15836
635,15837
636,15840
637,15841
638,15850
639,15851
640,15853
641,15854
642,15855
643,15856
644,15857
645,15859
646,15860
647,15861
648,15862
649,15864
650,15866
651,15867
652,15868
653,15869
654,15870
655,15871
656,15872
657,15874
658,15875
659,15876
660,15891
661,15892
662,15893
663,15894
664,15900
665,15901
666,15904
667,15905
668,15906
669,15907
670,15908
671,15909
672,15911
673,15918
674,15919
675,15920
676,15921
677,15922
678,15923
679,15924
680,15925
681,15928
682,15929
683,15930
684,15931
685,15932
686,15933
687,15934
688,15935
689,15936
690,15937
691,15938
692,15939
693,15947
694,15963
695,15964
696,15965
697,15966
698,15967
699,15968
700,15976
701,15983
702,15984
703,15988
704,15991
705,15992
706,15994
707,15995
708,15996
709,15997
710,15998
711,15999
712,16000
713,16001
714,16002
715,16003
716,16004
717,16005
718,16006
719,16007
720,16008
721,16009
722,16010
723,16128
724,16129
725,16314
726,16319
727,16320
728,16323
729,16324
730,16326
731,16327
732,16328
733,16329
734,16330
735,16331
736,16390
737,16391
738,16392
739,16393
740,16394
741,16395
742,16396
743,16397
744,16398
745,16399
746,16400
747,16401
748,16402
749,16403
750,16405
751,16406
752,16409
753,16410
754,16411
755,16412
756,16413
757,16414
758,16415
759,16416
760,16417
761,16418
762,16419
763,16420
764,16421
765,16422
766,16442
767,16443
768,16444
769,16495
770,16496
771,16497
772,16498
773,16499
774,16500
775,16501
776,16502
777,16503
778,16504
779,16505
780,16506
781,16507
782,16509
783,16544
784,16545
785,16546
786,16547
787,16548
788,16549
789,16550
790,16551
791,16552
792,16553
793,16562
794,16563
795,16564
796,16565
797,16566
798,16567
799,16569
800,16570
801,16572
802,16574
803,16576
804,16577
805,16578
806,16580
807,16581
808,16582
809,16584
810,16596
811,16600
812,16601
813,16602
814,16603
815,16604
816,16605
817,16606
818,16607
819,16608
820,16609
821,16610
822,16611
823,16612
824,16653
825,16665
826,17189
827,18384
828,18577
829,18580
830,18581
831,18582
832,18583
833,18586
834,18591
835,18593
836,18595
837,18599
838,18603
839,18604
840,18605
841,18606
842,18607
843,18608
844,18609
845,18610
846,18612
847,18613
848,18614
849,18616
850,18618
851,18619
852,18620
853,18621
854,18622
855,18628
856,18630
857,18632
858,18633
859,18635
860,18636
861,18638
862,18641
863,18643
864,18644
865,18645
866,18646
867,18647
868,18648
869,18649
870,18650
871,18651
872,18652
873,18653
874,18654
875,18655
876,18656
877,18657
878,18658
879,18675
880,18679
881,18680
882,18681
883,18682
884,18684
885,18685
886,18686
887,18689
888,18691
889,18692
890,18696
891,18697
892,18698
893,18700
894,18701
895,18703
896,18704
897,18712
898,18715
899,18717
900,18719
901,18720
902,18734
903,18735
904,18737
905,18738
906,18739
907,18740
908,18743
909,18745
910,18746
911,18750
912,18753
913,18757
914,18758
915,18759
916,18769
917,18770
918,18771
919,18773
920,18774
921,18775
922,18777
923,18817
924,18820
925,18821
926,18822
927,18831
928,18833
929,18835
930,18836
931,18842
932,18844
933,18849
934,18850
935,18851
936,18852
937,18854
938,18863
939,18865
940,18867
941,18870
942,18871
943,18872
944,18873
945,18885
946,18886
947,18887
948,18888
949,18893
950,18894
951,18895
952,18896
953,18898
954,18901
955,18908
956,18909
957,18913
958,18914
959,18915
960,18921
961,18925
962,18927
963,18929
964,18930
965,18933
966,18936
967,19160
968,19161
969,19163
970,19168
971,19170
972,19171
973,19172
974,19173
975,19177
976,19178
977,19182
978,19183
979,19187
980,19188
981,19192
982,19202
983,19203
984,19204
985,19207
986,19209
987,19215
988,19221
989,19223
990,19224
991,19227
992,19234
993,19235
994,19237
995,19240
996,19242
997,19245
998,19248
999,19249
1000,19252
1001,19254
1002,19255
1003,19257
1004,19259
1005,19260
1006,19263
1007,19265
1008,19266
1009,19267
1010,19294
1011,19329
1012,19335
1013,19348
1014,19349
1015,19368
1016,19397
1017,19398
1018,19448
1019,19452
1020,19453
1021,19454
1022,19455
1023,19457
